{
    "backgroundColor": {
        "r": 0.07450980693101883,
        "g": 0.07450980693101883,
        "b": 0.07450980693101883,
        "a": 1.0
    },
    "backgroundColor2": {
        "r": 0.37735849618911745,
        "g": 0.37735849618911745,
        "b": 0.37735849618911745,
        "a": 0.1568627506494522
    },
    "primaryColor": {
        "r": 0.9528301954269409,
        "g": 0.9528301954269409,
        "b": 0.9528301954269409,
        "a": 1.0
    },
    "secondaryColor": {
        "r": 0.028301894664764406,
        "g": 0.028301894664764406,
        "b": 0.028301894664764406,
        "a": 1.0
    },
    "primaryWidget": {
        "m_NormalColor": {
            "r": 0.9339622855186462,
            "g": 0.9339622855186462,
            "b": 0.9339622855186462,
            "a": 1.0
        },
        "m_HighlightedColor": {
            "r": 0.8584905862808228,
            "g": 0.8584905862808228,
            "b": 0.8584905862808228,
            "a": 1.0
        },
        "m_PressedColor": {
            "r": 0.5,
            "g": 0.5,
            "b": 0.5,
            "a": 1.0
        },
        "m_SelectedColor": {
            "r": 0.9333333373069763,
            "g": 0.9333333373069763,
            "b": 0.9333333373069763,
            "a": 1.0
        },
        "m_DisabledColor": {
            "r": 0.2641509175300598,
            "g": 0.2641509175300598,
            "b": 0.2641509175300598,
            "a": 1.0
        },
        "m_ColorMultiplier": 1.0,
        "m_FadeDuration": 0.05000000074505806
    },
    "secondaryWidget": {
        "m_NormalColor": {
            "r": 0.027450980618596078,
            "g": 0.027450980618596078,
            "b": 0.027450980618596078,
            "a": 1.0
        },
        "m_HighlightedColor": {
            "r": 0.15094339847564698,
            "g": 0.15094339847564698,
            "b": 0.15094339847564698,
            "a": 1.0
        },
        "m_PressedColor": {
            "r": 0.2924528121948242,
            "g": 0.2924528121948242,
            "b": 0.2924528121948242,
            "a": 1.0
        },
        "m_SelectedColor": {
            "r": 0.027450980618596078,
            "g": 0.027450980618596078,
            "b": 0.027450980618596078,
            "a": 1.0
        },
        "m_DisabledColor": {
            "r": 0.8773584961891174,
            "g": 0.8773584961891174,
            "b": 0.8773584961891174,
            "a": 1.0
        },
        "m_ColorMultiplier": 1.0,
        "m_FadeDuration": 0.05000000074505806
    }
}